,Betweenness,Fast Greedy,Infomap,Louvain
0,0.4107550488515715,0.2491532219704843,,0.2904843405911424
1,0.45901098032605503,0.2777229471684603,,0.29453300964360496
2,0.4832578151577191,0.2861651772705838,0.2696266048603688,0.3045891608486527
3,0.34902088437406914,0.27125817024777726,0.24686037588837195,0.2860945311474586
4,0.37850535623020964,0.2777144002872073,0.24390733093517672,0.27714008745182545
5,0.39361205246478,0.2546981870356258,0.2947743226931507,0.2695770735668116
6,0.4292428265329848,0.24605075942872082,0.3074575629044047,0.30855132145858627
7,0.41660606217259083,0.3046790942747762,0.3201365459661016,0.2603602426371902
8,0.45982985547083594,0.2651061778257669,0.2776963580331481,0.2818727668392095
9,0.45982145466229196,0.29355624484796106,0.3309641868194185,0.3067011302802214
10,0.4974269826661936,0.2512117052797344,0.2586023209865297,0.26813492751398926
11,0.4556053193247233,0.3009293401126352,0.30739817973827793,0.32126985002585356
12,0.35772719081416043,0.2948547549081892,0.3390538624893442,0.26631141002541464
13,0.4526876634795839,0.254217529368302,,0.24742840018365045
14,0.4223078315566638,0.2841184733041406,0.26043221391351673,0.3290673377564734
15,0.4551246308258304,0.2861240174033882,0.24541362793926952,0.2659613133432826
16,0.4116808751710908,0.283530882351754,0.24719692922146136,0.29014390995142514
17,0.46722686090943816,0.23765360287463333,0.3159081058291096,0.23641166570597297
18,0.37930635380793803,0.27474158338066995,0.3428207534055993,0.2725503216691213
19,0.41727431043150887,0.22638658525574493,0.23080647450335595,0.24099636328550958
20,0.3994426813312464,0.24356019144391272,0.2376432165630704,0.32778649455840325
21,0.3964120981969778,0.28054354594048675,0.3470312598800341,0.32391538836412204
22,0.41629764642872835,0.31477885064330346,0.3259988846699547,0.34123406281070034
23,0.5417252036115778,0.30563645952048624,0.35188312727099524,0.29119659935140185
24,0.442111069370295,0.23332626367343867,0.2877530879900002,0.2609318730656274
25,0.4681886616146037,0.32564534995874267,0.31712381676686796,0.3335698446786908
26,0.4779640293191131,0.29933800133995525,0.22659879320769824,0.33579688294721394
27,0.4899104547824494,0.22010826933260688,0.2699452082456067,0.26421391058791915
28,0.44561950723913885,0.21628596833682395,0.28246853624223894,0.28503642154977454
29,0.44571285569611513,0.27732803387535476,0.25768578873760606,0.31211607427865984
30,0.442092420121793,0.2726391358116366,,0.31087627973248866
31,0.4023493985546089,0.26169348783768787,0.2518967070530448,0.2728009028628249
32,0.3951150277148011,0.25315475578657004,,0.2860463276128259
33,0.43619971019665627,0.26971564032283285,0.3529903324396702,0.27304752893707246
34,0.4540686957779277,0.21662940236350667,0.24228306820289072,0.29767867450446894
35,0.48922147471163346,0.2786512405722123,0.1937112954836868,0.27069559335356547
36,0.3744236474865044,0.28072840790512066,,0.276106438476996
37,0.42423437444232176,0.246458862293158,0.3197544833212787,0.2631824856415131
38,0.423119264295744,0.28925592121496924,0.2962948008684615,0.25511420438456667
39,0.4294124782457436,0.25791913261823346,0.3475413164831401,0.263589150926148
40,0.4757717553631678,0.25006394175331786,0.20871021084277525,0.24993661642129122
41,0.35500753836314847,0.23229911948821733,0.18735795266000335,0.29277911259924183
42,0.4704881641331263,0.29627085698140077,0.33041423256418256,0.30794052156894874
43,0.45944909352953395,0.3002190531453131,,0.28188581077146513
44,0.3522323124461267,0.2718307913562677,0.37419460615788086,0.25727363011690374
45,0.4973207808477582,0.2771695931708439,0.24756015687244354,0.30660185147450997
46,0.3932403700248076,0.2518767173793955,0.29823176758758313,0.2717416127190229
47,0.48758484181991024,0.24164317964947066,0.1761498054290317,0.28196304800700517
48,0.4414948685851395,0.3076328461390901,0.17764890727525962,0.28096608027562175
49,0.521244270516408,0.28344016003439126,0.25709066685204557,0.24791672359802752
50,0.4969562396549724,0.24932022057812303,,0.2629490283434731
51,0.3903098598392129,0.2502693544893435,0.32008216100481185,0.25290720431686714
52,0.3969057218585455,0.2888637780422096,0.2700016700517096,0.29297453436549076
53,0.4646264388411501,0.3056903074192866,0.41111966736616545,0.2690117324974445
54,0.495274906232889,0.2477371452008036,0.20454848900854294,0.28421871857017955
55,0.4161345866409329,0.2406543560181134,,0.2831164423707911
56,0.4060455135924881,0.2951551511287449,0.3460540704753499,0.272990586084675
57,0.4489050794063932,0.2544899164248551,,0.30028886034271907
58,0.36147286024612624,0.2516798737592741,,0.28005145588823266
59,0.4449041529824056,0.30544004219356613,0.2799642799089835,0.31493683607119005
60,0.48107053306266606,0.3238276747337001,0.36259907739331565,0.28435767573606224
61,0.46872968517171815,0.24700814556175277,0.22544201094780986,0.2715188881649925
62,0.38857844749695664,0.26378166417462207,0.2047910098691315,0.2570542763070534
63,0.4354602974373024,0.2844268833755816,0.2775982878343083,0.27950430477052207
64,0.5145178616176229,0.2891089250564131,0.1972827756257726,0.29784719194135506
65,0.36743044165900496,0.28216184796324484,0.23509874620767246,0.2986437069179939
66,0.4253466455820714,0.3088677614499037,0.2909909212118581,0.2794201138121851
67,0.4458730723567092,0.2653639477728356,0.2716372593391366,0.2630689493326141
68,0.4201654523053269,0.26754324105108557,0.29044475981977286,0.2896649520921082
69,0.45948224537156684,0.2812055069145267,0.2951023000964809,0.2735517051809429
70,0.4458731006695669,0.24226186753383358,0.3162009280436423,0.31482625081899956
71,0.49352127512836935,0.24195456760651968,0.29961673422550555,0.2653543484435654
72,0.4050759978337224,0.26417018602567127,0.2980292243578508,0.3350094481438041
73,0.3964969460966674,0.23604673875706197,,0.2979999712358288
74,0.489057578749604,0.2726791635718091,0.30239548551595546,0.2779467279002258
75,0.486403953420621,0.2707552463535547,0.23420967727490133,0.24676216787415112
76,0.4142293119263761,0.27555614322310257,0.34817423555664284,0.2906453241544414
77,0.46542760538905814,0.28094127539730884,0.3237315506664339,0.28014624048622355
78,0.4205680713899493,0.27476251924431994,0.32382561796568804,0.2444118354728944
79,0.47688401514888146,0.2511811906451061,0.26784673702441836,0.3029290834820891
80,0.474669798918191,0.24521740031288225,0.2945738287749709,0.24940037238783216
81,0.4454199095476263,0.26623565797601606,,0.2999088613153028
82,0.500042895013691,0.2811647575874565,0.28027541343423124,0.30187847142338703
83,0.37509377249885034,0.2615056044692573,,0.3070899824461192
84,0.39430951544552245,0.28186523577456535,0.17082496798391505,0.2676234423165997
85,0.38612116364601057,0.2551196153897647,,0.301954452855424
86,0.39821023358870766,0.24350761815042687,0.22940893329230524,0.26337453863075544
87,0.5026846325139442,0.25679227993213954,0.2245273472012379,0.25004959405038146
88,0.3731441856570249,0.22849469782082257,0.2756458599157271,0.2906507556156314
89,0.46918544845080556,0.2868357560426308,0.30635252906856697,0.3104173615320947
90,0.4445883524258202,0.35911511159662396,0.37326710385854656,0.2728042197369492
91,0.3004736669101919,0.273878383844318,,0.30055422116216457
92,0.41298643662289103,0.29692148489818887,0.32037145456774296,0.3162881354045365
93,0.46937941078470596,0.27985762041956685,0.2251726580863223,0.28041639082078496
94,0.4600849813727455,0.2521221034292079,0.20318230571263068,0.2365822914785264
95,0.472704624298203,0.317044751354178,0.3464035547639024,0.3240151280314275
96,0.39450920396093747,0.25696921880741624,0.33742711786469215,0.2352256873602518
97,0.39881030770170905,0.2559722580141441,0.23929070805071417,0.26524739186283225
98,0.40737891568435625,0.269892699771705,0.289377542791363,0.25143455547156035
99,0.357507163255658,0.2427197239072948,0.31365065828490524,0.2695352332614147
100,0.4756001230031218,0.23144173978003488,0.26750654211689673,0.29392476277423357
101,0.4031918036489997,0.24136452701748573,0.3412917106636044,0.2730658499895403
102,0.3655615147712565,0.2914703939369424,0.2584053476708746,0.26821527213225804
103,0.4484201322831779,0.22227692238234342,0.2031444345967983,0.26222010117820976
104,0.5116882260391037,0.2511436681441785,0.3277285155840527,0.25710590780871306
105,0.4668860934896428,0.29636931741377337,0.3307560107134601,0.2809973042893652
106,0.4063191092081162,0.28281818335851955,,0.28236210555245
107,0.4016097480647477,0.30495528277193124,0.2281450806849324,0.289019003600522
108,0.49030725161972927,0.2908640680359552,0.3656283373826995,0.27646415213756453
109,0.45936040071148554,0.2843871168579229,0.39831724966607596,0.25920843524175213
110,0.48180737660820677,0.26501552518571686,0.3096910938661084,0.2607435715913367
111,0.4375138717409609,0.2520507125636782,0.1891375362046985,0.2840192599240381
112,0.4161625510340828,0.30636071998136666,0.31498962078857917,0.2805392232588868
113,0.4700527044344221,0.31454052970002444,0.2960240066006528,0.3138235122546528
114,0.45858245323657526,0.2688054586678361,0.30479486357749513,0.2669825747671305
115,0.43234824811213535,0.2549519461134053,0.27001359022374016,0.3150574986050182
116,0.48212933356285986,0.2523408093047401,0.30767172453439046,0.3085656060629116
117,0.40679893551992263,0.31230631821808397,0.25394106972642017,0.2692359719251743
118,0.48431198286163835,0.27323348165400246,0.3346591112683703,0.2877966614128781
119,0.5214163258241243,0.2710486970552106,0.2694166198537317,0.31792300867947604
120,0.4619807794555929,0.31324225667491723,0.34283479105242715,0.31654972223876154
121,0.4748003758188682,0.24639482316626168,0.3293689260261894,0.2876183055651504
122,0.4361323524990021,0.28028335179734165,0.2257766262546311,0.2545793432610815
123,0.4422117633495337,0.28015238617165394,0.3549844266507753,0.24077808423276287
124,0.40802113065014156,0.26972208867007386,0.2648421762073048,0.3109960236887283
125,0.454121364919371,0.24660071214934326,0.2759138219008098,0.2298000694485543
126,0.4447890587060786,0.2713464551365059,,0.2943178946123722
127,0.41643809732439846,0.2867064032884078,0.2970466299095332,0.29148472007647735
128,0.4596195111704298,0.26921680763898825,0.21528474678494355,0.29300082226638774
129,0.5133204895957609,0.30283999542999124,,0.2694139717431392
130,0.4340566081011323,0.2713924565821035,,0.2759951377751996
131,0.49648377608073346,0.2470785948427244,0.20447961108040597,0.29656591060352977
132,0.4962844273904262,0.26205143595009095,0.26936498508556944,0.26698612197583055
133,0.42243454069689435,0.2665796433342011,,0.2783279612164814
134,0.4829245469441742,0.2791899977106372,0.3125436155392726,0.2406456873265165
135,0.43403667008968577,0.24501879261099296,0.3265865812891827,0.29895172981705714
136,0.4882194353274253,0.24976812000570173,0.3002659027493544,0.2663479119860026
137,0.48557603796902166,0.2705857552532621,0.32090459814631705,0.30145099522963614
138,0.4882573843184709,0.2716469162274161,0.31246856591273325,0.30849589743242706
139,0.5127197152662779,0.30347168479669506,0.3460128402003708,0.2971759385186393
140,0.46809143705160017,0.2487526584647924,0.2886947166339156,0.31398867986375184
141,0.4559458178934104,0.3358644364016771,0.43323635923764964,0.27700902593121846
142,0.38510479879921933,0.28911652886682004,0.3332062219874622,0.3242617490859512
143,0.4209234595993256,0.2762555678734696,0.38053769596772374,0.28569502159831683
144,0.30548703573778196,0.2367267490393256,0.33457433032081846,0.32474453393445285
145,0.441727163339792,0.28233994113208155,0.2861217602687704,0.294285439944692
146,0.45536193572934425,0.27295003864224854,0.25151350655050814,0.27113629088178864
147,0.3681508723418235,0.2832783984426566,,0.2859865347969643
148,0.4186394662092876,0.23117418581973204,0.33153591325960163,0.2605606507630904
149,0.4734976649994896,0.22832052691331609,0.23309609378664367,0.26785204350579406
150,0.4589418759514082,0.2573463580505524,0.2704088121663375,0.23077206702813452
151,0.3601701544115778,0.1989195116236954,0.26698769668856176,0.2646531944043235
152,0.3825899674044528,0.3227887977224522,0.2728035078622811,0.25148087486121956
153,0.4636889572737044,0.3117186669138911,0.2598461064724185,0.2632273385614413
154,0.44980446241552824,0.255424638543366,0.20632371715789094,0.303580404028898
155,0.4581544024283897,0.2849571304153187,0.367151606311647,0.2816052755769562
156,0.47580202134953486,0.30843382436518696,0.31349517533027677,0.24510940761974032
157,0.4535186931781027,0.23833458658950255,0.3722864557281148,0.26913137606411375
158,0.45323779558507205,0.24787760375965157,0.27431335075947444,0.31080260663473636
159,0.3859492363995458,0.2601880870888785,0.3037637956482359,0.2446722026081122
160,0.43035492362437083,0.27143833756589736,0.35375652173745015,0.28755901275132556
161,0.4733998595403954,0.22239747192512857,0.20329781781971126,0.2769936505926628
162,0.4900626128022272,0.31308513007305766,0.321662368686253,0.25878461151115967
163,0.4135500894810425,0.32017712947948224,0.25415894243547954,0.2917411857877618
164,0.4195175880742891,0.25207979324676133,0.3090775862822184,0.2852920902043434
165,0.44530323130175553,0.25724020443268686,0.17672315747553885,0.2506942765642033
166,0.3630841879657135,0.2941500662680243,0.33183569176829286,0.332565874100368
167,0.49281101712264264,0.2812945569081469,0.3092080128613955,0.2841598617076286
168,0.45956289791296356,0.30398408913072217,0.3624786762426111,0.28716086158253695
169,0.43650872982630884,0.27525532911612255,,0.272302623270512
170,0.48771454586723656,0.26359736649998655,0.2725226543217882,0.31278756186984663
171,0.443117711640036,0.3082450673589265,0.3175747361708806,0.2925787967032168
172,0.4122416092795074,0.2502569156562496,0.23438244577363931,0.2620739842663296
173,0.4345963589290846,0.2464834185707083,0.25226659817755953,0.2769037859220247
174,0.3817797655559739,0.3008659478476778,0.2583376112867554,0.30194149192674363
175,0.43192527705804695,0.2614922107594148,0.27379721687021663,0.26451391294505033
176,0.4636913312509081,0.2831559196855711,0.2925023911310303,0.30546378013655817
177,0.49684316843962356,0.28670955101740986,0.2779038302118129,0.27385985044100036
178,0.43292989139840554,0.30410593854405243,0.35273096579717994,0.350165246027428
179,0.3871633903695436,0.29912618277883213,0.3294369260230787,0.31899030051765603
180,0.4535858124837059,0.252169012105634,0.2034987588305856,0.2666212848714193
181,0.4797391696488652,0.26833286404979334,,0.3106169985010685
182,0.43256581153818524,0.28898755041870516,0.23115940305242336,0.2979988966166505
183,0.4595216945835105,0.25830179575190687,0.22623713711158594,0.273113973725288
184,0.42454943326311534,0.23384878730967473,0.21093630936831634,0.23748116189032656
185,0.4377731482312213,0.27236489533610586,0.29549320940670387,0.27200696385732054
186,0.4245701354123855,0.2239338404424267,0.3385184919849894,0.24839431363727982
187,0.4316635848010401,0.26869393793454643,0.1662204103013522,0.2851039890548325
188,0.43791449595517384,0.25044118864862747,0.32204653445695686,0.262734515419843
189,0.49142069960735607,0.2776637488066309,0.2801476980945018,0.22481655713188822
190,0.4368791611886123,0.2564918206704075,0.30423849573236716,0.279725977667009
191,0.4268311546768347,0.29756387643495286,0.32355960267062917,0.27508101741902996
192,0.4360065400579029,0.3462708417893921,0.3608599780502346,0.32955325204476593
193,0.3636129934509823,0.2584566463742467,0.3173568361238572,0.2581395176081024
194,0.4864247093468205,0.31991227971150693,0.3556519039706218,0.32348408801136663
195,0.4145910750596044,0.23480626383259623,0.3021080975402419,0.28223079076333496
196,0.5344053283506934,0.2982852155624333,0.30648159491443394,0.31000955363685234
197,0.3985974068378351,0.3133067103063322,0.27739658041432796,0.33919299891067706
198,0.42959077303488064,0.2672303339746921,0.34339904296998214,0.24683123996455186
199,0.4229197606341739,0.29986083654343254,0.31398642563731705,0.31274465338412616
200,0.43697628031573066,0.30631114867019665,0.30751875726625494,0.3154825154338792
201,0.4866819273199856,0.28852590512858795,,0.2895198930122276
202,0.48910848737835827,0.280119542948859,0.2962695177315898,0.309305758921437
203,0.4353484908471416,0.2456902385451286,,0.25590812535517293
204,0.40924205572070815,0.2179609305070872,,0.2670545808864225
205,0.47246754853819256,0.2541025881292323,0.31724879214859175,0.26385338261071173
206,0.4499365477551576,0.33934744681458545,0.35367515933180327,0.29662377408928337
207,0.44283881887589405,0.2622019868895246,0.24278506552951956,0.30698356057985404
208,0.44115713272202645,0.24040239748062334,,0.2999588239327231
209,0.42491565676510423,0.2938697386430853,,0.2731421696831362
210,0.44296640539347504,0.2939495760304614,0.2715544765269959,0.28581339092992186
211,0.473149191180508,0.2320148564259556,0.21116702871132975,0.30960688320066027
212,0.44798784895964344,0.2444962119302108,,0.24726067816669398
213,0.429945091526357,0.28475609875371766,0.33260664066820667,0.32165234005376736
214,0.39203289017687104,0.25692202154357036,,0.25607944403516897
215,0.41153188104689387,0.28546056533819675,0.39741233297205475,0.2831113764680284
216,0.37011865002275535,0.2558284107679867,0.28415437441396113,0.3014950009850028
217,0.4382639621363643,0.2917726258368124,0.2529371336131711,0.29257421911722126
218,0.34712699875928316,0.2876945394844507,0.23766869852285435,0.2918477279118176
219,0.4104485255209901,0.2766199259857799,,0.26857867048446904
220,0.47060679896602714,0.2832805221885059,0.3579307696338321,0.26221345698414167
221,0.47451648926247175,0.2957874939632028,0.33584367020938466,0.3280731035450195
222,0.492144153571373,0.2962541800261264,0.2856960980649504,0.2705171433847493
223,0.4222216651525744,0.3167039939618157,0.32471272921716043,0.30161373310657186
224,0.5277251421172721,0.26098343432301085,0.3293045046909897,0.31810399991803223
225,0.43920292602475425,0.2767414110686661,,0.2549645878833652
226,0.42032210663567565,0.30170040032937195,0.33350291908135665,0.2920549308244065
227,0.44876882871186613,0.29176810244781304,0.20401518575993646,0.308463414463874
228,0.47740001094567003,0.20250193942506944,0.2510245282137761,0.2610558807299399
229,0.34022963438582987,0.23657512761359303,,0.2755996465232329
230,0.44644297651023135,0.3121124662390108,0.22731572831765043,0.26010332330927227
231,0.4356992204311708,0.26956053526719215,0.27216602505723403,0.24021012750766127
232,0.4401416999540235,0.27200547141947967,0.2672489522017749,0.27424972279838
233,0.386832967306086,0.26113109117028493,0.31783583038026664,0.26796373138389484
234,0.4432782498434937,0.2978860087199525,0.33838778757767174,0.33091045293851784
235,0.42629640862742535,0.2750017662966559,0.3180632195075531,0.24794498434212653
236,0.47099063803234137,0.27775002020687306,,0.2988216632449901
237,0.39308685268148474,0.3089222270027476,0.25563002272554736,0.2668558540043936
238,0.4591545068406942,0.25733635740150734,0.2900021756057289,0.31182981042905694
239,0.43902817261145904,0.2591130003146089,0.30889014908122975,0.292072120879902
240,0.42442588006653487,0.2777554594439137,0.2837405051123168,0.29067416295999615
241,0.47778749520032,0.27643427674284543,0.2323105233812683,0.26502298546353736
242,0.5104823915158951,0.31241807147759343,0.25476415865900714,0.2854693531562653
243,0.4880171422586701,0.2629592620775545,0.23515015860920693,0.2905332262924921
244,0.39587661788213746,0.2769253262567807,0.16596573648335736,0.26177882641438827
245,0.4916854843061906,0.2735488671803371,,0.27647743710809214
246,0.47233600093382294,0.3010818693544778,0.29472827381272254,0.305027845186975
247,0.47078981597899333,0.26301068496833,0.2685145592586352,0.27215223533618477
248,0.46047029236788684,0.27439200580143885,0.3241267122392204,0.26295077645998277
249,0.503638527772449,0.2685149781040118,0.3691952299518896,0.2682307797183387
250,0.40943206675146654,0.27443273758365516,0.2418641865058516,0.26516878782979997
251,0.5090564845166601,0.28672968180826025,0.2711639638970748,0.2851358802655741
252,0.46699265303425397,0.2516334787023357,0.32067520527302995,0.3245001052437374
253,0.4630025134794498,0.27364304638736564,0.28121477186289773,0.2694421595361017
254,0.48110099605532275,0.2698322348668224,,0.2941476319459239
255,0.41843833272230574,0.2614292304292828,0.31881683402975936,0.3097363977704048
256,0.37955522354042043,0.2703612356547108,,0.24633152196742844
257,0.48203816840486813,0.26296036589640687,0.3796249548505319,0.2634135724745442
258,0.41733455536046543,0.2747404263995729,0.2962875638698596,0.259974113181786
259,0.4715601440482701,0.2303234549130616,0.2510970471992051,0.24636449260013854
260,0.4948224359407976,0.22162822583554864,0.25077219172440435,0.2834028952757969
261,0.3866185925866235,0.24939110817914192,0.33474683833680186,0.2360747499621033
262,0.46552096424176764,0.22028475900012248,0.26090647044539195,0.28776622955732056
263,0.4146437323364132,0.2584488493326058,0.2842267375289826,0.2649659469526972
264,0.432529692579531,0.27885568194152716,0.3448019387644978,0.2098413095905096
265,0.49416693356370545,0.23916616129835835,0.20718325930164408,0.2699098137044989
266,0.3351351668524193,0.2452662818338865,,0.27584667994930784
267,0.4872933257457985,0.3357409329631475,0.22053486272096307,0.3264106659955224
268,0.45348276883243244,0.26995359422997406,0.2842299098995672,0.2487352428956695
269,0.37072531697919137,0.2279295973371672,0.24229491473924578,0.2669395616640883
270,0.46940495118320047,0.28818173564968647,0.30690444121506544,0.3145837310908656
271,0.4152464440897908,0.2962487766922004,0.2720189962225314,0.24116775170484137
272,0.48922619452472654,0.27041659313258665,0.32615889002709164,0.26114602232286793
273,0.4942576391392013,0.2884982104489715,0.2364997224787113,0.28604805790182825
274,0.4327537619051772,0.24780363128348354,0.2545180451663021,0.32958840187455474
275,0.41688954894750696,0.36111363903260835,0.37212806844314145,0.3360358330477038
276,0.47082657302658226,0.2197790238227013,0.24656405320064118,0.2780894831749365
277,0.5031105607362286,0.24907243594763762,0.29055981968431016,0.3033332627099021
278,0.41812116786615505,0.23486944047725256,,0.2535069096735179
279,0.43814551865261075,0.2790595070043816,0.34221179466041746,0.3004117977998683
280,0.5177574428529493,0.2089776625481737,0.2785227696380223,0.25522309913222696
281,0.46490458582213817,0.263694975724369,0.23881065767759765,0.26181765919612765
282,0.517316571604579,0.3109464326513112,0.23125031159749937,0.33251342657955096
283,0.4316707861729188,0.254592230391569,,0.30193711256600086
284,0.4193656513850374,0.2944843651264412,0.23478237772869184,0.2833045993478744
285,0.4709215820821742,0.2694143365332703,0.3046001216677109,0.2575967157230132
286,0.4270825199249885,0.27745923400840317,0.27071061502828137,0.262296828891715
287,0.38242771312693113,0.25737535654279686,0.2845276479886239,0.287688004283038
288,0.484684141853452,0.2797388013124832,0.1987939889438627,0.275753104631155
289,0.3886107017171079,0.2859629961627013,0.26641733151728125,0.2737672212808899
290,0.49381916434276973,0.24572099239508227,0.19891431159443265,0.2520750285237508
291,0.5084539292630602,0.27567778970260853,0.3047121924829124,0.3153093751232256
292,0.45373867439480015,0.3035921840130674,0.2297259892034152,0.28320808233888944
293,0.5071347366819,0.27250521426586294,0.3784713049156236,0.2701519341914149
294,0.46110875425079545,0.2678286171127684,0.2643915903583686,0.2771007223149714
295,0.5069659246929838,0.32257801648595297,0.2904753114545513,0.30462824931824706
296,0.3598980446696543,0.26094396021959043,0.3318265511667086,0.30489818537785085
297,0.41442961565487235,0.30442621097770967,0.30325346687451926,0.2707383409221239
298,0.4727716120161484,0.2951993733443243,0.27086345474705803,0.26470618020963477
299,0.38114784773644816,0.2312317940182798,0.3169829182780253,0.27716907361809245
300,0.43953651945403277,0.2427459715310774,,0.2807475039825697
301,0.43436612936783064,0.23723668893877156,0.3358006871811952,0.2988920834080996
302,0.46988400950573594,0.2823215316531076,0.2827363480469955,0.2730689689648652
303,0.4657130703118532,0.2862454750886705,,0.28635140108564666
304,0.43059743055143235,0.27181628388272344,0.34209134010547404,0.3403839658029688
305,0.43225491037145647,0.237341974482068,0.25723588344810927,0.23797320392506902
306,0.40430374931029217,0.2728532708955657,0.34259525424606047,0.28314634768257185
307,0.41256966011575535,0.2641852348815512,0.24289577109579336,0.29253567967666566
308,0.4479155873017709,0.2550859605243072,0.29663366569016747,0.3031331279987387
309,0.412826757433635,0.28245826740738644,0.34133184072407585,0.27016997558343786
310,0.43176794018917114,0.24854450544779869,0.19074392100852236,0.24838550584922098
311,0.36790350228417706,0.27352948992494225,0.2873187587248361,0.25527011858246046
312,0.4174481492414348,0.2527383997861412,0.3221972136445035,0.31275324816761974
313,0.38136372280071357,0.23898696785426185,0.282877941671034,0.27487815960630463
314,0.38189115985095234,0.23981461887268649,0.3185396771832135,0.29174363934556785
315,0.44292691442667986,0.2900288572689206,0.25238332744622277,0.27597989350051183
316,0.4238271861639841,0.2566857920240794,0.2757869879271599,0.2915146397775767
317,0.39645693837923884,0.2676058146773558,0.28412598696433083,0.26822194778978425
318,0.2310169611095817,0.23278919715820376,,0.25408994684410147
319,0.4119127024329728,0.26472081888666127,0.22835244740671992,0.24908818964139068
320,0.4720882717030786,0.27158187278306595,0.2839648469044832,0.22934833465041773
321,0.3639259824806994,0.2789011730142513,0.26528281893054545,0.24940135086340723
322,0.4251131841211017,0.2905589755513241,0.2994908733857886,0.2856027019532941
323,0.5232506606571982,0.2854480528504506,0.23639475644987745,0.26362677794742523
324,0.43377161826583926,0.2343638375245954,0.22494816418690589,0.26734787602723864
325,0.3876178307192111,0.2890393139309043,,0.27852455034817325
326,0.36759564844318776,0.26095382228479697,0.3263560488350191,0.2948930700083073
327,0.48574910175649266,0.28851722789441103,0.3043601777257727,0.26978218608704246
328,0.4563364401072352,0.23448315950185808,0.30174721142622735,0.24542895481562021
329,0.4684023482337678,0.25915673766248004,0.2724871470368575,0.2868664418605146
330,0.42963189006045577,0.288063261025486,0.32327662979278027,0.2657610784728651
331,0.47330234907189944,0.25408613230406435,0.2163280612482375,0.2893168438093178
332,0.3734116692169544,0.28755666800874463,0.2852727881085329,0.2961145648378575
333,0.3848103340701411,0.24123036872511053,0.2845925060777429,0.2844904996445063
334,0.495193385738445,0.27779605941945396,0.4244239746523081,0.3049906107405313
335,0.4866997794461107,0.24045138590223464,0.2860022525952678,0.2501414802754143
336,0.49887558649713404,0.2637113328554452,0.25094179284535917,0.255699925301414
337,0.4444389473688768,0.27430792609752863,,0.3088298016326761
338,0.4817668968939858,0.2446184518603832,0.30201677379637515,0.23987378715254506
339,0.47102344103608945,0.2501315325334425,0.35569765381892376,0.2995944463868214
340,0.39374110594789014,0.28074226559879245,0.2787482132337065,0.2852861540272678
341,0.39670071908594906,0.24590840346263584,0.30102075975407266,0.29117106053272457
342,0.44451354692459366,0.23070133559753422,0.3478450741829491,0.29611023524189783
343,0.48229413776136126,0.3000399783895537,0.3415938736073508,0.22492874264581805
344,0.4046845783974642,0.22812497408516047,0.2917033231302163,0.2717054839857294
345,0.4784502524858843,0.2733323945276277,0.3350657205325617,0.2615972160224081
346,0.2805501397985047,0.22269830632423185,,0.24856145706208913
347,0.49440486949373075,0.27761089347342155,0.31122984851196966,0.2812186782573208
348,0.48680899579203835,0.24485687398796566,0.31442999772448493,0.3144372392667327
349,0.39588131736745186,0.21782213321265825,0.24289460573953114,0.3050281785169227
350,0.3572146776764407,0.21690201221786423,,0.2619349597473411
351,0.5046450326531701,0.28879969283960716,,0.292738920757057
352,0.48637836458148115,0.25580441832500195,0.3000777504923397,0.2639292892193113
353,0.47022765278362605,0.24393411621748912,0.3094796221023761,0.2500600189830562
354,0.4900129426523653,0.3297915382191865,0.2855358942940519,0.3479155608261884
355,0.4916250298154314,0.28129100812730795,0.3043351178667329,0.23146752024445524
356,0.44104944637057036,0.25735897663174095,0.24829893529294053,0.30837002002000086
357,0.5095560223927874,0.3042090233738394,0.28373175397542816,0.287651249742696
358,0.3661027953291233,0.2302541751413464,,0.2655853520322047
359,0.46005807044663705,0.267684220388925,,0.26938641369956995
360,0.47818300990741436,0.2275433517904237,0.240880308166528,0.25927444146532236
361,0.43894663597372197,0.304855507769344,0.2901146755313265,0.3227473268332412
362,0.5309705407092516,0.30769362191566635,0.2810100775348357,0.3023565365451646
363,0.43992802229735184,0.2970831654001405,0.32868218027695373,0.2710793557287597
364,0.4600940092509625,0.2388987838583062,0.2550666110404486,0.27113679049770834
365,0.4219462689203261,0.24487947700566648,,0.296238219185879
366,0.460034419162466,0.31806948354682657,0.3220821310518579,0.29837213890492614
367,0.3583218669561959,0.26338009942331686,0.3177444628384863,0.31493135344262896
368,0.49473668225662415,0.21249132020796713,,0.27603112200224783
369,0.4498174210215379,0.2614621777655994,0.22397410268751086,0.2852880320448766
370,0.444274595354668,0.23707609911516617,0.32612024571134457,0.29307708903815916
371,0.40668599344235357,0.26800071880500337,0.3024025804691863,0.27721850624201205
372,0.4698753245215304,0.2947408157480471,0.3282043725862588,0.26013871013439593
373,0.41857292389786516,0.2685826820088238,0.2672289155802989,0.2937154170406007
374,0.4635699161701545,0.2700908038679286,,0.29112140462065805
375,0.452670805679221,0.22195605662404286,0.329327870465344,0.3022209442426139
376,0.4627201187302704,0.25404302786034116,,0.25498514798889105
377,0.4267992585864851,0.28728134463010035,0.32832938148394936,0.26138050731118345
378,0.47363620319559796,0.2679064021288421,,0.2671169543040717
379,0.40313200110570435,0.2751072204127437,0.33423532232526615,0.272861512540246
380,0.40860761571235577,0.30258255090336184,0.3084662186937718,0.2937625315683745
381,0.3783666947788607,0.2685767387178293,0.17036251700973093,0.2614210141078509
382,0.36209978513419644,0.2656093145028374,,0.3002751172036092
383,0.39128989393368696,0.29111472427211976,0.3105753982027323,0.25725420810365646
384,0.42875906000913455,0.2887646698087935,0.3375241553461338,0.29963467288201656
385,0.4627892758835202,0.30578979288449176,0.17800834056321055,0.27969116129165567
386,0.3829454939271366,0.29416956142008743,0.2670614620954256,0.30017829794697104
387,0.4607611936398591,0.2925045517294216,0.3391506389111224,0.28289126321939834
388,0.44135083840440853,0.24774615323573823,0.3003347334906295,0.24825337819820922
389,0.486028596460049,0.26651117485380255,0.28847183533940757,0.28382709736650646
390,0.4894405138171995,0.2884103199366052,0.2529777869227924,0.241557117435342
391,0.40664294033324466,0.2732195584844426,0.32998796062157704,0.30546847857859133
392,0.4456651851553843,0.3115261945429325,0.3177631439377018,0.2832139487533045
393,0.5109047808337428,0.2989526090219713,0.26441248280629176,0.304441485403882
394,0.43653261327423587,0.27246143008297313,0.19699943370566353,0.26596665833084926
395,0.36080504729607554,0.2304747525621345,0.27780133543284147,0.2953000848344891
396,0.49328063956333545,0.2291155345796706,0.25867615123694304,0.2704756029794861
397,0.5127720030889749,0.32240655857906786,0.4174507465264653,0.2992638775371939
398,0.35790032478113354,0.2515864835371665,0.31998140355888494,0.25365166875456124
399,0.4213497138879831,0.26566190250739474,0.30220177224069006,0.28405563686650753
400,0.42919698309355847,0.278939162317769,,0.2875187358277914
401,0.4429441170370186,0.2684536398598706,0.3478033978452381,0.31413869066186323
402,0.37512655079131735,0.28748231927286916,,0.2661101629749815
403,0.5029901311460743,0.28828082380293796,0.28685359844304836,0.29151561756278943
404,0.47952211492404495,0.21958369456663962,0.277704128731123,0.28612965527490763
405,0.45768858943697865,0.344379830930758,0.346919719587764,0.2804949886209275
406,0.4840277589335931,0.25665206426363424,0.33430719439741613,0.29234266505797474
407,0.469238865105391,0.29022288881987374,0.28113862366589676,0.2802406950647532
408,0.462976069072443,0.304947495433586,,0.27416718491502645
409,0.5157526137520607,0.2560585264955292,0.3091201668871749,0.2899111895966929
410,0.4762686444841002,0.25795332705197965,0.25732121401827046,0.28021121147557326
411,0.45640022549182513,0.2815488676899248,0.3344240572360416,0.30173912093903577
412,0.5078922198454436,0.27746644518928154,0.247504334524572,0.30651867444679404
413,0.4337525493623343,0.2716216017240384,0.13720858116981344,0.2497353427900242
414,0.4374781163457226,0.2600131362578753,0.33427511200190463,0.25360724816736185
415,0.3380861802169326,0.21717849990098864,,0.2865621616376553
416,0.3862061842599231,0.31449537657645127,0.34977897012622866,0.2693186138522949
417,0.5202269902573001,0.2787234298057616,0.3315431809991304,0.2491210683525233
418,0.44553991558096767,0.28005718588102513,0.3085840011761466,0.2766165268929848
419,0.38171745917088984,0.3181407603492932,0.2979448422865084,0.25693196382752925
420,0.45448011178473335,0.2511241934294052,0.28938911946858203,0.24744013268606047
421,0.46803414787650705,0.2892827895164642,0.29569565489070404,0.3018870952568475
422,0.5003701389289464,0.29869088433214813,0.3080741693840088,0.32057471786929587
423,0.372566627552361,0.2898145442661829,0.2625903069780936,0.30895911385829566
424,0.46049285904027976,0.24869808520501271,0.3181305231450216,0.2677925565496115
425,0.4332923785352064,0.26814555854890904,0.2967123129784106,0.2689024460235744
426,0.42677616256821344,0.2573053684492269,,0.29486536175750305
427,0.4742162129201389,0.2712078704988506,0.21993288359463117,0.2642837344357495
428,0.42979757290998005,0.3188965119781748,0.29037409359844696,0.3260224961180009
429,0.48119250030679944,0.24974279447732833,0.31861577749549974,0.25298020422935596
430,0.4453968762441523,0.2669166515133468,0.2227118911757913,0.26171365758363613
431,0.4685647292421538,0.242884956100595,0.2732021689649005,0.312281484497726
432,0.4380065367903668,0.26957952118255724,0.2248569076441259,0.26297953243230093
433,0.3654803685734255,0.24189961132363968,,0.23147127029430375
434,0.43056534399082097,0.27652044898427597,0.3473823420301319,0.30403531423417035
435,0.4644903433506343,0.283179712964639,0.3914705183154158,0.26896231618439875
436,0.42999072036863234,0.2552995217380552,0.36576720955413683,0.2317977214736471
437,0.3739983487020084,0.2694700513453261,0.30197158913964134,0.30937009029500284
438,0.4030499798040421,0.3029259553450424,0.2616441566495322,0.3020538436923389
439,0.41937516181863965,0.29064487938939376,0.30579271470790814,0.2515487800125353
440,0.4666151825663196,0.23741841964843774,0.294079745670606,0.2801858707513039
441,0.36687358172186324,0.2748937780119396,,0.2718768658309693
442,0.3759475020988672,0.25235738567931676,0.23524121129241657,0.23795738079007753
443,0.44625235546169595,0.27267723690089984,0.3354134299510814,0.27706869271895734
444,0.2784720098776652,0.2659681135117839,0.31388002675707444,0.258469981588313
445,0.49177253663495435,0.2737501615018268,0.28592456028540914,0.30238175149805213
446,0.36769766113894703,0.19803039734454617,,0.2903181692404726
447,0.4476826769060969,0.28226592954732416,0.3229296015556545,0.3160757236763181
448,0.43960514663942907,0.21884108738586783,0.24358453739468897,0.2446891388527364
449,0.48306589919068715,0.27303547926700494,0.2729989141813095,0.31518229501484585
450,0.4383341215563337,0.27056105933688285,0.3188200369898551,0.22395678586539072
451,0.482235480407661,0.2817954075233893,0.2838660806761347,0.31183337445655845
452,0.5041190189432599,0.22289068105960091,,0.2571427944165055
453,0.47871017520648773,0.280672612874439,,0.27558168632472013
454,0.46246719956828886,0.29974551381620956,0.2233047862478296,0.290062495830201
455,0.5132748201623765,0.2204117941606295,0.25528114572833577,0.28518877149667293
456,0.4406552279957453,0.31456773381307834,0.31969081872883864,0.26614162094212773
457,0.4665644560212213,0.30093483635646195,0.32330415782582755,0.2678045525357727
458,0.4735779464683297,0.3292748675786065,0.26790896821990345,0.2825946264493068
459,0.45307909259512485,0.2809421929862616,,0.27951380956894384
460,0.4722810228159271,0.2631451038949734,,0.29992562605858414
461,0.513068802449034,0.3290035406505104,0.3401742610903783,0.32184067025075835
462,0.3730276054927467,0.27132028656512797,0.3164440476540916,0.30290467327312826
463,0.45874254922371865,0.2838884429637267,0.2365878561048292,0.2436199220362388
464,0.466149832717523,0.2648004787370166,0.20881339244425137,0.2539707862035625
465,0.4843577982502322,0.3202310587660078,0.32510020386680455,0.2778866466547149
466,0.4646657306892689,0.3123899753069864,0.2347932818880139,0.2998305057063706
467,0.39430707234853973,0.28578264699126144,0.32898366455574746,0.2887005935624462
468,0.48170161383122495,0.27031009592531796,0.3901827520442343,0.32279060084640143
469,0.402235004386129,0.31591091626909373,0.31500559506061665,0.3049527639351688
470,0.4149569889162912,0.2371301990743668,0.23652597401523695,0.29834661942758206
471,0.37400066491648803,0.2936720564779672,0.3272128088667864,0.3057239378858033
472,0.4141596267213086,0.2942516664404071,0.2603811988232208,0.33064915647326676
473,0.4301244355339056,0.2570395077144551,0.2665180543898502,0.31042992839177147
474,0.41345461267294015,0.23003518595809488,,0.26465982198574306
475,0.43033281684339036,0.2830902009901769,0.28053251134809865,0.2908441568206238
476,0.33533794121828153,0.2662271384642226,0.33881150980801655,0.30040157744594387
477,0.4051532966145591,0.24687125389039866,0.26483775291857115,0.2887033868867165
478,0.4164609231507884,0.2575745346119957,0.3066370048172945,0.2600693554456359
479,0.42116231202413573,0.2572572404166934,,0.2666566539584938
480,0.45363383812567587,0.29489377450958065,0.35712867040302543,0.32288555079250836
481,0.3582562440478721,0.24135617680666124,0.26930889524115725,0.26970459802488916
482,0.4218496100647502,0.27343779778932087,,0.3223239385858508
483,0.5120148076767727,0.3102075285690428,0.3261506848568906,0.2797048476178961
484,0.40337844931678,0.2721244254364006,0.2687291225008927,0.2475127952947046
485,0.4140302615129994,0.24917845327952076,0.2697543322547586,0.2891360351306525
486,0.4117889528290881,0.24782353987873829,0.3400899775295977,0.25862713324465836
487,0.4357766741877682,0.33963394386632695,0.3186367249910282,0.306079251504705
488,0.38244602949842627,0.2835602054643397,0.3380113582727803,0.29414969087941045
489,0.43008673472592895,0.2648058833654197,,0.30387758205016235
490,0.4708508569346342,0.276269435777684,0.3389249923878424,0.2741533963640408
491,0.5294664460664232,0.2723217634754623,0.2874638897712064,0.2814345438795908
492,0.4488344336698435,0.26990049351764905,0.2979320059684116,0.26094010496620207
493,0.4944112909484612,0.27474797969763676,0.3052705720745741,0.26450227265192594
494,0.42555566691245295,0.29368430115822297,,0.24181643431247846
495,0.38184605990871506,0.2750003350327206,,0.27676166537965696
496,0.38506706445503897,0.23967505260375185,0.29311441762923834,0.29174922304963086
497,0.497927193575809,0.28072786147495343,0.34879878180354074,0.3260520340826483
498,0.34177777579632007,0.2658648944549177,0.31110672762503155,0.251615992823489
499,0.38522355518717966,0.2923582649964251,0.24377768817396236,0.3419114183534262
500,0.4039007119017942,0.3022314464862304,0.3353952948209653,0.29221957074666643
501,0.4684360108781897,0.25568333734009935,0.2531264671895261,0.2668728451157449
502,0.43732938592841897,0.2453359015586822,,0.23429552066041395
503,0.4738001223149324,0.2936422202814021,0.36308113650154084,0.28704836205702533
504,0.438541125027817,0.2519624994612271,0.2815372024814358,0.27885266293377936
505,0.43912539712059706,0.33699520440770836,0.3563474881398482,0.2762281496534245
506,0.5177857039362935,0.29809141202509637,0.30152037087945394,0.26882766741644454
507,0.4249570645194226,0.28707854732128923,0.31113949920563366,0.28079448198133766
508,0.4320997322920947,0.2542607181514772,,0.3095387631747227
509,0.466613141148224,0.25251613245611554,0.2456415437096551,0.3133099314602703
510,0.3802894140684191,0.28750824168158096,,0.3155668571187909
511,0.4640997602028476,0.25737911769189503,0.23010835322354742,0.28655344378436526
512,0.4930469315764479,0.24822444847076078,,0.3039846412958724
513,0.5297945319696148,0.23882856624956553,,0.2719593934872528
514,0.46052488722242274,0.3212052182266463,0.3639567247230385,0.291624585269138
515,0.38586362248775347,0.27411699249804444,0.22789524190451704,0.24235314134902222
516,0.4431940162727703,0.25240263495692145,0.3108635798997928,0.29326792261757817
517,0.4045043940900134,0.24059261289682554,0.3535858299240621,0.2906607469455662
518,0.4104531813124206,0.28491435480679217,0.2873102049528774,0.2599788846025254
519,0.4538725439545004,0.3066165965940327,0.2871597910366525,0.29966505958726175
520,0.48997255178187704,0.25898141868354246,0.33151737560155053,0.31802758194917075
521,0.41130401773036684,0.28338027656540915,0.35282650790129444,0.25674784226730424
522,0.49352443997512985,0.2482887745608616,0.28928308411060477,0.2725549988457836
523,0.42842412966463045,0.2857246045495252,0.3460317959792142,0.30038893327659244
524,0.41320672448140067,0.2881123873895674,0.3013544292477064,0.2825586807469246
525,0.4601148533622586,0.2630972275636003,0.3488304552028923,0.30557173701704415
526,0.4242343715481212,0.24976123802407774,0.19141286784782202,0.24373143665813848
527,0.4026889702585229,0.27363426425828574,,0.2973373552675606
528,0.44909832170532094,0.29216498851095224,0.3559550034271,0.2916120022549087
529,0.406702879378644,0.21883624175517905,0.20206942459194618,0.24259680764497443
530,0.5209968948574407,0.2916949152502905,0.3205652961171586,0.21630182901425588
531,0.4497787746505522,0.2802724555489611,0.3429355902829992,0.2760724885182422
532,0.44072450761592785,0.2784589595721126,0.35910872388238557,0.2539377712228203
533,0.3384069542334503,0.2614631048948052,,0.2738058096346828
534,0.4389978816798498,0.2932516648717733,0.2903667726802911,0.2918091504793005
535,0.45700610940243647,0.24771819168873377,,0.2199695364906675
536,0.45498108924719605,0.24414379421446095,,0.27490907532832354
537,0.44486389258057724,0.32134521281361217,0.29510919831150006,0.3157109363568265
538,0.435899142556762,0.2739180359298513,0.2750409470760974,0.2805862467709697
539,0.3971238583736082,0.29600062407212113,0.3266977693597329,0.26552734151753143
540,0.4167483024280419,0.27731309246867675,0.30882462742851174,0.3007860591724916
541,0.4675091845934165,0.2559326237115813,0.29294785740497026,0.2656743535512339
542,0.46790861207938195,0.2526262022003108,0.24890570036362727,0.2757352145800727
543,0.4505852742303881,0.29842180422837555,0.2541950781435941,0.2735211708731773
544,0.500004439511019,0.26819408800534705,0.24075775062323004,0.27166879715921805
545,0.44409815674459646,0.3051776683837131,0.27765161199720434,0.2830537186767873
546,0.42321631898130363,0.20787341546406818,0.327953688074602,0.27213492211343376
547,0.3943099565426745,0.29414262444175054,0.28321953468676814,0.2631985788250026
548,0.4287038428914816,0.24979016310741484,0.3162551002238007,0.3041820953005599
549,0.5188447127899513,0.2381384176003769,0.3473487547471882,0.265343691529582
550,0.4301146300393563,0.2656304189107537,0.3370480016795856,0.28249887808240937
551,0.4135980688489874,0.24111788357695538,0.3218216649941313,0.27607514315140846
552,0.45475767985872717,0.288094200232752,0.14054848445547347,0.28882011487763276
553,0.4731234322195012,0.24810488550845217,0.2937958607415961,0.2632943786978738
554,0.44847661908421094,0.2600050600593487,0.23553416328510074,0.25209870475938084
555,0.43477703173193594,0.251781788861433,,0.3068114517564446
556,0.49349722346806424,0.2694040901371683,0.3459103274909212,0.23991891034251667
557,0.37166678845928114,0.29785563408604765,0.2081390199257287,0.3137161545344035
558,0.4199744952317887,0.2903167261413174,0.3319768327498298,0.35930887228324393
559,0.39917880105517206,0.29957467121290693,0.20479280319330984,0.3003688631855163
560,0.4797467311111292,0.2756419566335855,0.3236559236101365,0.23554979608285936
561,0.442327394073767,0.2900939068583918,0.2624056692323346,0.2963962634895062
562,0.5037412021897864,0.2774669849915223,0.3309026718050687,0.3369445503195933
563,0.3241832374062245,0.2655064192995424,0.3135049753309657,0.285775474353033
564,0.39551186300343094,0.24289148154001666,0.29991125073229813,0.2731140507841418
565,0.49009578146559524,0.28270911134154075,0.3147742670390477,0.27086930108824664
566,0.3703340640766773,0.26642045352071675,0.2598152876134966,0.25225411380280094
567,0.4082825588663285,0.281555240237555,0.27216945274908644,0.32353586041988286
568,0.43566294378515524,0.27842902870672614,0.32588011982009957,0.27188950291988195
569,0.4475293325129538,0.2881446339305423,0.20935622085256178,0.314356064106915
570,0.43099641690339924,0.24300022446293573,0.2841711884305874,0.28589071982785086
571,0.33138114021067044,0.28486200663889605,0.3553217285610066,0.2467259941707361
572,0.35567004843350714,0.26866261606204805,,0.24215957646047945
573,0.4141392917496707,0.3042574409505746,,0.2619576851442138
574,0.43224290445215036,0.2210270301085959,0.3405098033835339,0.25255209463739886
575,0.42999969498545637,0.2510454408356327,0.299759190631211,0.2740479651419486
576,0.4310986282582431,0.27930037514438405,0.25161707565300484,0.2913022814111656
577,0.39645890953237395,0.25650979400093865,0.37997188878506966,0.2497688281080044
578,0.40284180389396845,0.2677582622384793,0.3007522397264774,0.34272091612174865
579,0.44145913450330776,0.26805856753763935,0.37300800804706225,0.27727062403345915
580,0.4003315636271571,0.2763243053899035,,0.2902355914297517
581,0.44782445524433656,0.2836307567987508,0.3118318099396165,0.3002371322360022
582,0.4402436428841881,0.306056789793349,0.37047360404268953,0.3177309563232078
583,0.4339743901883339,0.29027197272186145,,0.26901083480941407
584,0.43789982404801947,0.24882595447951583,,0.27244562292316055
585,0.4215364728057472,0.2922682869321346,0.28847969402970236,0.2983179704973625
586,0.424996331142601,0.2568133528832904,,0.28530688200430404
587,0.4708781274007583,0.24636455446388583,0.263653278083432,0.2766553198393775
588,0.48337793541138857,0.20939340152503444,0.25644580446891124,0.3039421504923464
589,0.48410299090286485,0.2773034007237636,0.2899555435536675,0.3056157739038467
590,0.45623108445753935,0.24911264280254386,0.23755523464456363,0.26028432821241404
591,0.40358424981909113,0.30503813238921434,0.21518804083729007,0.27869025782708173
592,0.3902786233702394,0.262569076501464,0.20489909998231745,0.2643371337080937
593,0.46326521045102204,0.3370526732366706,0.31391933185329257,0.2682773952837541
594,0.44305471145469494,0.29158036264271225,0.2650936461137442,0.2735019494353084
595,0.44108170386427886,0.24773439056282923,0.26643416000321035,0.29817195681319747
596,0.4113291272713272,0.22435518096013995,0.3029850085492779,0.3110115629656368
597,0.39131780332742344,0.2946693425190578,0.20499389359818657,0.3112448376587595
598,0.5241089033362043,0.3002941157941328,0.3828647667930007,0.3453392904266199
599,0.4011968784369511,0.2803018927323505,0.3423605503052282,0.28252320073899884
600,0.3713913826260247,0.25005876001385724,0.36918463247974265,0.3155191362580344
601,0.42906134230513193,0.2786277077808392,0.3178671260676744,0.28511512323340904
602,0.4934672784305245,0.23359378696091437,0.2675432285286213,0.26402622786137697
603,0.37372755364457044,0.22999949783853116,0.3126083074800998,0.30689791039881614
604,0.45127528134561806,0.3057534422535081,0.22178118454019127,0.3086737129533366
605,0.47333467221745573,0.2593427929190586,0.3117426271944606,0.27450422870011837
606,0.4649553981527329,0.21689421945147877,0.2828716285967802,0.2526300254907606
607,0.4863003874880693,0.28690998168226184,0.35134324542354156,0.3286261673809121
608,0.4193015868451604,0.25432239543227625,0.22049522142016412,0.25944105854314636
609,0.3992962489462512,0.2692118626806088,0.2618844327374988,0.2756970282597058
610,0.4561708838236789,0.26292917315141445,0.2262591074410745,0.22498854080503938
611,0.3474375032728027,0.23713122699584635,0.320143618102881,0.2567912436766571
612,0.40516878928158245,0.29695246290464417,0.31024570026530257,0.2787028993757962
613,0.48846950180308474,0.2472579353057961,0.2955685027241465,0.27771206992772457
614,0.42433161899939087,0.2777752060035031,0.3101024749683165,0.285275989867919
615,0.39525827397834545,0.28692590524077344,,0.2788614374247158
616,0.44009305206901994,0.31787766737275036,0.2611301620705865,0.3033855861623163
617,0.5116087784912502,0.2592741799170289,0.2698031425491757,0.2991483221950617
618,0.39890628043134674,0.28630065442059327,0.30906680513590085,0.30633830957495745
619,0.4234960072694379,0.23399439871732547,,0.2929067247761584
620,0.47964462504556765,0.27026352400752574,0.28571315079353066,0.2624667974500043
621,0.45550991290087045,0.2776424883634126,,0.2767494740345234
622,0.3849370258916194,0.28402763018215504,0.26897301424988646,0.29855888802635566
623,0.4457906374792384,0.28970651006985254,0.3942790828183136,0.270612689391156
624,0.48109531921253273,0.2551349295622339,0.18584470248263726,0.24619102582573155
625,0.44761397977655654,0.22950586731676087,0.3450224939489831,0.26063287160954546
626,0.5113226116834071,0.30337331243386767,0.2987556205214458,0.31589667003839456
627,0.40133082846756934,0.2740931204743826,,0.27631180394636146
628,0.38352893049768405,0.2718720399157358,0.2983396520372844,0.2734542618238945
629,0.493661093183987,0.3523945312758748,0.3218194735995713,0.30116763337485736
630,0.41504550653624744,0.2880138999670208,0.3573635539574025,0.3177371734324845
631,0.4630576314807741,0.23272950277127197,0.34038913379918356,0.29364523040863916
632,0.48051939318730524,0.23755048220400338,,0.2752082755902359
633,0.3790203220155753,0.2597986216904424,0.22975426852133063,0.23835574432809623
634,0.3968050567993991,0.334369240940888,0.38068362636512526,0.281742425723932
635,0.4467239221793314,0.27876170997173727,0.3227722140107029,0.2433618244435161
636,0.42007294372586185,0.24886452850543736,0.3802307598755806,0.28246332177662714
637,0.5307898523337514,0.28241972493617623,0.3204646268208765,0.2715370797193408
638,0.5004799478839772,0.2918066519643194,0.26420108247976615,0.3086466851663921
639,0.41751578908041587,0.2865729367779934,0.3526564110642981,0.31402464971762806
640,0.465330888273337,0.3033716052336595,0.2989301532288507,0.29471594939836765
641,0.5114755489191133,0.27698153035622086,0.3767277270446799,0.23075555679936016
642,0.3651455731123956,0.2510917124903602,,0.24620990302429485
643,0.4182401199160875,0.2831262687264221,0.33867223016035786,0.2873827854224685
644,0.43118859422704814,0.2743735139717135,0.2718825850637735,0.310402257476666
645,0.43586290942194933,0.24478979798130948,,0.22940506573239264
646,0.4571479383218842,0.27543821885343295,0.19070927489917963,0.30433812743919136
647,0.42481004850653103,0.290931334515027,0.24345886182445245,0.25265508251840807
648,0.44596768158172867,0.2806177816249319,0.2943828668298138,0.3020459622293192
649,0.40267909109294164,0.3150476129642092,0.33066017526965064,0.29864795530258403
650,0.43117918361500523,0.2579688342049408,0.3300212327644643,0.25900423418464597
651,0.4491542837962519,0.2991406455536341,0.28971449388603016,0.2587282785590113
652,0.43277846350803373,0.2653370951057197,0.22370519262746041,0.2596462330848798
653,0.36164607548481703,0.27468223324465085,0.26655784142506883,0.2714741150284742
654,0.5028316291667673,0.28642246321931586,0.35861354741769175,0.2755232392638894
655,0.4203200137064593,0.22878313267277028,0.22384642046930656,0.24844516278730247
656,0.475314917017615,0.26040145712378876,0.2216414844718967,0.24802211069306349
657,0.4936274960613205,0.319285063460796,0.33889875484661997,0.30912306611513896
658,0.41116621520519636,0.26123235561402636,0.2746342528104497,0.3189012968045897
659,0.4707591812323884,0.23735869348371436,,0.26787434082058936
660,0.38869908491916294,0.23391228141214962,0.16147981863408975,0.2350496422560181
661,0.34032744872426146,0.2591928986424499,0.325228829192335,0.26644137614349744
662,0.47273840851046095,0.2591122322092547,0.39247613548419946,0.3123426247320761
663,0.43156390985985477,0.309495280986887,0.23141796152921998,0.2484478750096156
664,0.4036032462667164,0.2651152860192753,0.38169501668831324,0.2761964265926407
665,0.4279212324202596,0.26410166312938316,0.34093892335928194,0.263219146454427
666,0.45034160151350683,0.24133188276843748,0.24042567479653984,0.28051510113684486
667,0.39480504022496604,0.27332124533984203,0.3240771690984386,0.33080191253910407
668,0.4560017344623002,0.2742064137966336,0.3256409907541344,0.26153928897839274
669,0.3594337671889652,0.23759138112114342,0.23645489120968508,0.2567288506935255
670,0.37397787106632613,0.26209021622295897,,0.2738086814873872
671,0.46564594256201647,0.2926077660491869,0.2560024151824862,0.2792802474595528
672,0.4048341274202192,0.25669422819656545,0.3364432587324484,0.2545271414473816
673,0.45598998028420273,0.30433198214196994,0.3225056646684566,0.26114668718549894
674,0.44581085519099795,0.2593017521041822,0.2755130117596138,0.26246055128097917
675,0.4854237929988925,0.26409846670374715,0.3140401083827358,0.273432742232539
676,0.4302582757318597,0.24992241337524093,0.27788542041854647,0.26639050486838467
677,0.4428462316181346,0.26661312247852625,0.33632445664208277,0.3183016298431741
678,0.38326334570223736,0.2923370261304924,0.24410883314075255,0.3213787738240889
679,0.4277010180889558,0.2969087535101836,,0.26446940824650156
680,0.4732222657509731,0.28289823484038973,0.32632959515385923,0.270915663617632
681,0.43251231042879545,0.24348886452988888,0.33935996757135584,0.2872035121230558
682,0.38538447070529114,0.23561743462784498,0.2618722713381824,0.2980402748879129
683,0.5186719235443845,0.2940778837208625,0.3983447186338461,0.30163560417966184
684,0.4602057636773895,0.2478513821019767,,0.3283872164331583
685,0.4569099223976126,0.2820316514195523,0.32601623460318896,0.29063265345304085
686,0.43398452048515096,0.26831326125499644,,0.28935580313715287
687,0.4727043663642326,0.2788303688422229,0.24434014821828734,0.26416347549730546
688,0.4070792761394353,0.26411020808336827,,0.280964838912917
689,0.34776697257104827,0.23500852136602118,0.3060380912029799,0.2674496691551908
690,0.41008298786118885,0.27291064210175336,0.2048916434174286,0.2750617508635019
691,0.4278304460169412,0.2526258834996526,0.20395237342640105,0.2665152402949335
692,0.4820967419526984,0.24225289834991054,0.3218623475478302,0.2667347335519522
693,0.41983438897983255,0.272664868173471,0.282699196342753,0.2747545141294903
694,0.446890712202412,0.24387011961980581,,0.22264727906465215
695,0.39119756612534023,0.2688461699515268,0.34267263942175064,0.2646337144255337
696,0.5024318551568845,0.2610231662720091,0.34080565043838384,0.302363526764922
697,0.4971321145373387,0.23513628193573083,0.25619660424213925,0.3382086433704373
698,0.4581672261100608,0.2681702693764623,0.22384312216285954,0.3126604239821127
699,0.31860278119072355,0.25129285552078867,,0.26697710948521924
700,0.39562671424252904,0.26610108666827237,0.30122560802674847,0.2612492362306308
701,0.42129125521580024,0.2642126658024028,0.31763363396361605,0.2530291841927185
702,0.4380388748400084,0.2698249221681851,0.34242904260220774,0.27166854314986916
703,0.43113032315583516,0.271284010009341,0.2634300312991118,0.27806232562613536
704,0.4069429203428615,0.28458920752658806,0.2979374071811823,0.2766526771589206
705,0.47289925722001136,0.20880753163528612,0.23507566024898735,0.3012009128262327
706,0.4170330119329217,0.2839385684454569,0.3204935457073957,0.27419871562072445
707,0.45483288049180476,0.27130824377997664,0.3249718458992729,0.33036383851176815
708,0.3911212094674192,0.31436741500903687,0.18108435594303932,0.26318540318043837
709,0.45139940957598124,0.3263914703329853,0.28962616663237256,0.3363576661100412
710,0.457296557771783,0.2328604283683493,,0.2632486050610866
711,0.42066237587994465,0.2829696040721622,0.34728485721313873,0.2623786259895933
712,0.31967683962660653,0.2544907821760104,0.2655131241572729,0.2733782815627182
713,0.48191880617366134,0.23565275111013703,0.36748293006146104,0.2780923270015471
714,0.3594400674752479,0.2603502109577584,0.30237690885417245,0.29610716896533484
715,0.4708162219699784,0.23569155712135972,0.29367753054872453,0.2853199859002457
716,0.44507675813435016,0.30943644614559535,0.3466706512416478,0.2733156315720168
717,0.3647597011384074,0.28496224984522844,0.2813447919985864,0.31721095998439525
718,0.3960622754272484,0.26235324846987246,0.28993484381012063,0.3005669217928588
719,0.5063652497975952,0.2443610838708844,,0.24791976276436797
720,0.41252651770770776,0.25784759073545416,0.2335028332313667,0.2572370226188552
721,0.4302515271207396,0.25975323889204716,0.2878239915949246,0.29668659254599095
722,0.39680055832575073,0.2650434747967411,0.3161402120879148,0.2797583655145336
723,0.4776898184295693,0.27511721078327106,0.18342434843170602,0.27345851070988064
724,0.4477100400678591,0.26178341354853735,0.337851810270302,0.2946133362759113
725,0.456010667898925,0.31028658054685887,0.3069857097682635,0.2800607423731383
726,0.42027679022595565,0.2549322721214769,0.30622726335543043,0.3014192148178567
727,0.382224376393246,0.22226253741921256,,0.28696441419482666
728,0.45433682685616417,0.2804424948803667,,0.2806351390470909
729,0.4737000045042681,0.27850930584678485,0.3557783309310038,0.29071162137040424
730,0.4212277504349606,0.2755057636155446,0.27840209598170423,0.3191026286622252
731,0.40375651344484814,0.2452881919929001,,0.2670876658662166
732,0.28770879244157205,0.2814666978814044,0.2552257975964357,0.2833764161318589
733,0.45566687973035847,0.2707030232328179,0.2717685604554343,0.2987204613150898
734,0.46225064184668824,0.2646064391882208,0.2749833698009904,0.2784963139584005
735,0.48640380579457726,0.2853917485760863,,0.2816188067173867
736,0.39948126866067374,0.28374273869448235,0.20024390686638546,0.2870853296146261
737,0.4747559041223031,0.25058869930534805,,0.2454010960904202
738,0.49572879220325117,0.34205934925297105,0.3265442198354597,0.2740290395507855
739,0.3283799021488201,0.2671774503769539,0.3474239746606188,0.3285876048724135
740,0.49539302131795077,0.26735802792116425,0.21259864136385836,0.2535198512109487
741,0.4202258431408635,0.28338455151045355,0.4005895164717137,0.27879952888508647
742,0.4359972589218662,0.3033297509193463,0.24403788926249942,0.28775074388759586
743,0.4414938702653927,0.2535486784897893,0.35157517114240655,0.27841338155858414
744,0.4186029904465081,0.25107174421707174,0.21259099233280923,0.27957785953983866
745,0.45810810834341253,0.256438316797401,0.3389990730180392,0.2881390380125771
746,0.3883783559440779,0.29423393158196554,0.3795894325385199,0.28394496997788654
747,0.4040843865458344,0.24264940076300107,0.23628922519483653,0.2784495841514633
748,0.44846485506333633,0.24711328289205453,0.30176406236918685,0.3163503855594737
749,0.47226291882850974,0.25569409644201035,,0.26431253582659986
750,0.41729554379974854,0.2896651370666862,0.30179698092152346,0.3090048663548738
751,0.4807736085616415,0.2899601436194615,0.3706820373237004,0.342655440533105
752,0.3893388055277091,0.2492414328653792,0.3279225440656024,0.2808899257418838
753,0.4616758547373002,0.2759125504368214,0.3414941401150468,0.2992522534013393
754,0.4057997973562163,0.26748200162369673,,0.2530341611999804
755,0.4662628317400258,0.2657149696495732,0.3327674266889252,0.2699943730161213
756,0.430967899117536,0.2827181797358337,,0.22272031380623847
757,0.5003057860507771,0.30333050535751255,0.35380808981446793,0.2655644977228242
758,0.45242089883546255,0.2548791908958355,0.3499884780606502,0.26353489681618564
759,0.4683841021959212,0.24726598528269217,0.21793581318867622,0.2957141455690967
760,0.45814118869888926,0.25274590205569725,0.30842207292487117,0.284272927699362
761,0.43198943355452,0.22566598683353783,0.29214795503574725,0.305667679062948
762,0.41846812111831877,0.307334523788937,0.27360959769763465,0.3173786507101926
763,0.43355550094103995,0.3003717215342615,0.3102858236004639,0.26336841224673596
764,0.4368175227286955,0.27901216316313887,0.32561431354764686,0.28606360134519854
765,0.5037051928826997,0.28547453549755397,0.3082487742508786,0.28337891159592904
766,0.4272019071720333,0.24575167194579026,,0.3537329808778838
767,0.3761862193406315,0.28365041614697467,0.332796903967622,0.26802703756595064
768,0.43486907262977614,0.2522914175048018,0.3009764331571629,0.23500404736739958
769,0.4656045458808945,0.22866375796599486,0.251659458078961,0.27025989483071144
770,0.44760986135225017,0.2671730509201725,0.26769985354202663,0.27938642676816083
771,0.44786660754816476,0.2672638412410959,0.3109645797702552,0.29431380145009184
772,0.3524289373261001,0.27019704258814836,,0.31116798866964623
773,0.38286693405182404,0.23836687705949167,,0.2868187733673769
774,0.40915952758132007,0.27558088917685203,0.2884417051147666,0.29133408804355443
775,0.4122261622920475,0.22745693703287953,0.3640653339179513,0.27077984524981075
776,0.4259577799147805,0.2500146541086321,0.3566660726139005,0.25000392393576315
777,0.46307866701540323,0.27338471148106785,0.20648671925782452,0.2982427653228395
778,0.43261630436847076,0.2317244521185965,0.33837542714920504,0.25501281197026815
779,0.338064535936315,0.27150533206979394,0.2641638323231081,0.22294509612407895
780,0.4308180813011649,0.2622222356918667,0.3427134247839285,0.2734495302906777
781,0.4507982776232164,0.2973601299145495,0.25645600514786354,0.2885460793424287
782,0.4343449493902976,0.2738460718071543,0.26815120650906965,0.27922848279673823
783,0.38418359527262574,0.2927850831464521,0.24803277388363568,0.3187137509736266
784,0.44380128598170926,0.22956906518615,0.28832447203775013,0.267445044668436
785,0.48500582708179557,0.30913197856444957,0.21954766137068812,0.24539764913762596
786,0.38592825000100395,0.28941221017948776,0.15289186827336498,0.2973899646971639
787,0.39729740730881274,0.27745171527382995,0.27686291588696726,0.2824479743966074
788,0.4484915940643396,0.2893122840212319,0.2728913029268503,0.32345848689918916
789,0.48682455045400097,0.2181848786860568,,0.23720015618357426
790,0.3815529932423084,0.2460547018876272,,0.2675202554195221
791,0.4928346391982392,0.2679292550948847,0.2538242954753839,0.2990621156506688
792,0.4984589194542055,0.2996609561387528,0.3470228577504226,0.2633983744300427
793,0.4206539054187528,0.2724855030291708,0.2429064960273146,0.2808523171116986
794,0.37042526600861897,0.2578008746283856,,0.2446090849344623
795,0.40770656165837554,0.2272983795081929,0.1618648296994885,0.28065899817328843
796,0.516252152113608,0.23002187415526237,0.3039705509784411,0.21881770940117531
797,0.3316538961406239,0.27507376620909757,0.25495994584970716,0.27008406676339375
798,0.4018031755541293,0.2899892359310913,0.19707658360006453,0.2993988623235719
799,0.4502224202731409,0.2729027036243948,0.3240392385339195,0.2689057684344072
800,0.3958735731536896,0.24787838825894146,,0.27235420550961686
801,0.48177481207794615,0.29673326771407144,0.3422565764737319,0.28628456761878723
802,0.3720197124033949,0.27993322695277895,0.2806891995996373,0.27214362912190615
803,0.47967950775464635,0.2674210439960486,0.2544143811002268,0.27134781450615625
804,0.45198876741529675,0.27310004374129415,0.3203522932102733,0.24644418211758287
805,0.5300809895724877,0.31400783936107035,0.2719807998719316,0.34100709929030903
806,0.45330648904866855,0.2806393338096527,0.32660569577382753,0.2739846175569554
807,0.43975936979522545,0.27651015726548067,,0.26290335455436475
808,0.4561030403676323,0.318309212007613,0.28233080292009083,0.2913426001353324
809,0.4036009904724524,0.29672880488858644,0.3113618154364412,0.3122901234028496
810,0.4805768601951251,0.2952619036241491,0.3287605851322575,0.29315457158858116
811,0.4285699556934305,0.2962610140935258,0.3208902494777707,0.28524672706996496
812,0.38824779618176447,0.25489118630457874,0.3234122034956854,0.27178098508180887
813,0.48018617232162825,0.3065010041291829,0.37443786439396504,0.3054106951444416
814,0.4126649736701296,0.250419391026942,0.19861647203560634,0.2635601305812003
815,0.4134344625860389,0.31534362131180954,0.3340802931392543,0.31788885269903416
816,0.5286362847126778,0.24780832845634673,0.19743861449388717,0.24443769734514303
817,0.4526593835290562,0.2594916162352523,,0.24025329845558263
818,0.41100096818716325,0.2668154985238671,0.23847983808411383,0.2574039846498139
819,0.36570030026201594,0.2807903894948886,0.33296388253413517,0.3063500321063883
820,0.40213553717771394,0.3167867029758863,0.3255841283506808,0.30446951298583386
821,0.45859878107185836,0.2973262529052077,0.2837560100055202,0.3118347537453677
822,0.46112326600962494,0.2630481491650286,0.21698915586893033,0.27694850827942835
823,0.4534426281843879,0.24867955759284707,0.31091151184874505,0.24430232289623693
824,0.4170803629063954,0.32158814892518006,,0.28375602188620613
825,0.428870597762473,0.2833716550030369,0.30220525073500776,0.2659432255617138
826,0.5048116491863315,0.32508091717453935,0.32738045378102465,0.3272586783007988
827,0.3776059880284417,0.24550515530980235,,0.2689675829801018
828,0.3760743054906401,0.27326515362217174,0.30666699673150966,0.23980231399730462
829,0.4614106718419966,0.30399253535337606,0.30807244061502886,0.3038035316668441
830,0.4151846341730574,0.306965468805057,0.3649449826229508,0.2961972935428799
831,0.45451096504441874,0.2512347688587908,0.28991651315513495,0.2418611123564599
832,0.43160085307941254,0.3091580989186518,0.3077467253451137,0.2696135923722424
833,0.4525901312969296,0.282145228761916,0.2885586931645837,0.27827326329910085
834,0.4599104709586497,0.26051907192788704,0.2874669990096478,0.27352870480127733
835,0.35946330159158685,0.2664862211849934,,0.27646232043289887
836,0.41399205869730654,0.2253918688916706,0.33515703336371727,0.2899687899093916
837,0.48009339372465176,0.26493794416734767,0.307192279053557,0.25731082366241204
838,0.4557668825421555,0.27077164359901273,0.2654117115019584,0.27660065293052055
839,0.3897521617306135,0.2506412393165209,0.3178490825124492,0.2820463794563029
840,0.4593975506460771,0.3129854796192117,0.29160131708197723,0.3224301378123128
841,0.43580328054688683,0.2689636071122021,0.2962219021516356,0.24909742156182205
842,0.4023397059827364,0.25586560979589024,0.30236346286955373,0.3189420259708328
843,0.34263279037999683,0.2606788756528559,,0.23126804447671384
844,0.4428885003134781,0.2733771680872739,0.3532253001911231,0.3343036581670055
845,0.46918381486454036,0.2591527305562979,0.32311482942375835,0.27560185217553856
846,0.46438419776791307,0.24328431574461679,0.2928418882708997,0.2733052880479255
847,0.4466196188654052,0.26280623926792335,0.22012071402867556,0.28380763888013966
848,0.4752218624942344,0.20870725603070264,0.2759051676351495,0.2863631822049206
849,0.4530220360019841,0.23992606450569195,0.22412744557738754,0.3057196163918166
850,0.3983738403455951,0.3109073099157394,0.2793456555983326,0.2725946911987004
851,0.41160791661421614,0.29664582282152796,0.2661196694197318,0.2777235356989923
852,0.4802068595614312,0.3065708196445723,0.3350380019350109,0.3073537947693404
853,0.49826665998006303,0.27339363164269703,0.3671741996450452,0.3114589368882091
854,0.46448167171394544,0.3070305045930688,0.2735350032167219,0.2982446374035184
855,0.468995910596894,0.28406564652583205,0.25555264957967405,0.2826676530165551
856,0.40343015602048476,0.207556954112053,0.2899808126251933,0.25329287556828867
857,0.4843083417151624,0.24853285615978293,0.29696865993865484,0.19848655017176137
858,0.4146191370176347,0.249437442857322,0.29106900282118164,0.31672651861643264
859,0.4373295470480451,0.30431190319549367,0.21806286458327878,0.2912123149315697
860,0.4672989341926004,0.27279140284144376,0.2981245025240607,0.2852101397893375
861,0.4570715785845777,0.31627568475412476,0.41713022752323226,0.2903658497795276
862,0.3595461999875225,0.27907533588527605,0.28068583226563826,0.2851145409354425
863,0.4286986518986256,0.2663105732509388,0.31501232881003244,0.23320514199528217
864,0.4537296888608024,0.24134457622974193,,0.26612657456552963
865,0.5098516798668921,0.29883321355410797,0.3575348938468938,0.3140646735768341
866,0.4024377168510728,0.2531550188156202,,0.2896206306781934
867,0.4126187380634558,0.23609171466884882,0.20914881254098255,0.30584957557635956
868,0.38785724537240096,0.2729486689753139,0.2792278335391368,0.30580836956010277
869,0.3632215124635481,0.2578279325366929,0.2136570248878048,0.22683225719266886
870,0.42023708910339214,0.30250800173301,0.30423726100091947,0.31017557690020614
871,0.41001592003815757,0.26417243071946966,0.2182481734812008,0.31504254015189304
872,0.4956770927756213,0.3104652244554304,0.2305528048952689,0.24129136439861856
873,0.4310404282265205,0.22927563686656852,0.24462633560258654,0.2731334703217273
874,0.4541699606979922,0.2925738667058608,0.31431667952047576,0.28117609106450764
875,0.3565183204037754,0.2548021384585423,0.24921762457642202,0.2993189912270967
876,0.5377874410474172,0.30601313177204065,0.3030736678936441,0.2942578428769476
877,0.4479862881496144,0.22942580419475977,0.23843422326639224,0.26268678256155276
878,0.37921475019280937,0.27045254716038336,0.288377783977757,0.24943455456587404
879,0.4024723772833966,0.2812946670037052,0.2521856235748415,0.286386557221372
880,0.40302772472107323,0.31986835906891004,0.37339984970187956,0.3042183966236943
881,0.4061321585205471,0.23067732839718447,0.21698635183930978,0.2397859938039645
882,0.518945783366068,0.26632144671751085,0.34805753322041433,0.2951781916755183
883,0.4296001903819057,0.24702351319346377,,0.27270007038603045
884,0.47642594776221664,0.23175224831349042,0.28911671467533673,0.28970826110206316
885,0.4514438229494164,0.22241739083697054,0.2996735233705013,0.23612029204993198
886,0.43041583098543923,0.30115058769615416,0.3074465175322782,0.246918867564389
887,0.4533306799929902,0.3450132607445069,0.39305750932614986,0.2983637352914893
888,0.5657317955131456,0.357564377688434,0.4012346276676286,0.32426191058858944
889,0.38906543349965556,0.27241093308139547,0.2786143847595319,0.22838998690128087
890,0.49107090195738745,0.3125938554750997,0.2981836778131995,0.2854814923732991
891,0.451542822726626,0.2628241229269404,0.2646470991994055,0.2820921621496207
892,0.4393188350393475,0.26939565456939946,0.34259284519587185,0.2781164323492237
893,0.4155710556451106,0.2939952761047804,0.3034710563363862,0.31295261711431926
894,0.487826358896593,0.2984476969361188,0.3816246157749503,0.30144676700095385
895,0.4546432263571549,0.28474421310119086,0.31129951980631854,0.24985462344681864
896,0.42772647982791345,0.2377254585574068,0.24094191119781902,0.25962228910622237
897,0.5086735046089373,0.2807667356980929,0.2773688551843948,0.2718551831136484
898,0.48597465328156847,0.25796975445828185,0.37282500195068036,0.2965687165563166
899,0.44652465095768074,0.2821898202573006,0.36481701090116464,0.33210071803855584
900,0.49651584272018984,0.2814013901523445,0.2839691165205932,0.29819822190771306
901,0.47600581063187325,0.25062671735248293,0.3430062223088428,0.3389147602516086
902,0.3996026636356479,0.2813464636989399,0.2986699843412105,0.2688940537804483
903,0.424331832928502,0.2235619025575797,0.253659723846891,0.24565470635406667
904,0.4984841442839178,0.32272494431303045,0.2765304760941447,0.27942336913216986
905,0.4362741632361466,0.3240470602899731,,0.27894570691780246
906,0.5013545236073363,0.24313729953881405,0.3048555936334387,0.2771505608034346
907,0.35483572247424056,0.2909743328320474,0.25301283266763114,0.2528110366614496
908,0.4239973704346965,0.284562441264687,,0.24020435593356146
909,0.4679925028142082,0.3277966416078805,0.3257135609508463,0.35963098546254463
910,0.4008235457368188,0.2587418079144981,0.17887921405748444,0.27103896895978596
911,0.3991527591703184,0.3298866101715254,0.2866008946048243,0.30524361426262625
912,0.45951728144843157,0.2548332765644818,0.3083451815633979,0.26083230501801075
913,0.3852973711616062,0.2717749780409677,,0.27930109423237576
914,0.351014742365453,0.21969106100258826,,0.27309038199763364
915,0.4376194935172576,0.2588658679334411,,0.25382507518049385
916,0.4268624692153492,0.2704021248383555,0.21852190281435832,0.22167798758935853
917,0.4399790521736846,0.3134783882919914,0.2609792497926483,0.24205120829814514
918,0.42144768030570356,0.2603596111782784,0.314195180241294,0.28239842178509195
919,0.3941267049268645,0.3033931821160754,,0.2882870136188354
920,0.45452025201168045,0.27706230929688586,0.2555746097509336,0.2554775656979679
921,0.3814389836588339,0.2875793922285743,0.2983179923463468,0.3228371322021943
922,0.41592624314065785,0.2744063525852326,0.3206896774406507,0.2634266737010225
923,0.45662345649151725,0.26884349842139665,0.23527161587834416,0.29765490098489866
924,0.4344211045043939,0.26610005486790833,,0.255715642064335
925,0.4701876859965401,0.25864682706158454,0.308213052949362,0.253160363809645
926,0.47125265041531567,0.2788379317126978,0.32697797470053896,0.27742657456013825
927,0.48403503972119927,0.2855567317957372,0.22776393556455987,0.2891592479173977
928,0.43490080869899644,0.26099162059720626,0.3224564947984921,0.29002363415333093
929,0.36457173595401454,0.25806929313835947,0.29325574087016165,0.29678935548545343
930,0.4379804910204479,0.25327898123360676,0.2890411305156061,0.3011707521575821
931,0.4109265876997017,0.26098840493839015,0.2602543623135199,0.2832497372856982
932,0.4606705538752927,0.30436361124727956,0.2472623322495211,0.24531910057227507
933,0.4057157112602859,0.27852965411957814,0.287510460843114,0.33036239198933226
934,0.4389256004128563,0.3238185572480519,0.29627694449059133,0.30841419591809954
935,0.4664145573179924,0.2894771324068256,0.26810351114096215,0.28706196279474006
936,0.4549870145654994,0.29446823141977363,0.33771929174641707,0.3479024177850773
937,0.3595863087726861,0.27321093950920217,,0.2855241731848426
938,0.43784348996382044,0.2792367247778158,0.27626900628455436,0.2651878847058932
939,0.3583985693251679,0.2631268744057045,,0.2519760675245553
940,0.48219891557927097,0.26766476621733587,,0.24687482320604756
941,0.43568937688653253,0.3123226862958511,0.26194607979291945,0.26267756967442146
942,0.39839674980917256,0.2686414834309518,0.22212229771897998,0.28686396895693883
943,0.4543586141432175,0.2512613020479729,0.26105569589337313,0.30207478921284403
944,0.35196378005929924,0.30877975569871663,0.34747390127729116,0.23162851808249446
945,0.3962871978437157,0.29651358950982176,0.24254502043368206,0.2543326803041155
946,0.4226764275207975,0.2937008593312811,0.36591114157203053,0.29589107105906387
947,0.3978092075972286,0.3130110811837375,0.30400184795743745,0.24150684394250624
948,0.4433847022510505,0.27008648208211483,0.30466842716572234,0.3249902657863223
949,0.4572968764506162,0.21841078301614877,0.28582739143864844,0.2652633578007133
950,0.41489817168080545,0.3227275378733431,0.3298746536912268,0.3113319733811311
951,0.42525317044840766,0.31299289690974913,0.317371287847901,0.3038693002935295
952,0.47642214950791767,0.2297585259813187,0.27929715664275584,0.22555445407255148
953,0.4925131265632475,0.3321185319086492,0.3067901338967905,0.33461212074399777
954,0.4513072458147229,0.29066320035200394,0.23107969226057304,0.2862480479709105
955,0.41979200565038094,0.25263110162188507,0.280163489620432,0.2976726319380496
956,0.3863976896443597,0.23531820371084475,,0.3054162067687465
957,0.49661110160316585,0.2757099334991238,0.31254284287945194,0.2531029425886071
958,0.4517880331640715,0.28807182922297014,0.2503557427466521,0.30493350296341304
959,0.43673009816556124,0.3042136104507015,0.19492844903640758,0.2630182839081429
960,0.4560267401363661,0.26958568322504406,0.35419024363262114,0.28091600745597084
961,0.4670992498004427,0.26570965215811315,0.2843110705749457,0.3045604705017753
962,0.4456790693721754,0.2756658618964375,0.27267644116193834,0.28297792679896194
963,0.4075831354802567,0.24378854636954964,0.25500143688632015,0.3031841020688457
964,0.44257730332261824,0.22721257332484737,0.19021435480275398,0.2401120334918044
965,0.3848197843463155,0.22474767694489864,0.31977953387683705,0.333941824170468
966,0.4723378042956374,0.2630097379742508,0.3115385263759665,0.2686458287890466
967,0.37399180450074865,0.2651000961750497,0.22409061578028633,0.30794675856209286
968,0.421767077434789,0.2326216661366244,0.2804232098426576,0.30840318696627145
969,0.45790030373676865,0.2487160449400161,0.3042365607696686,0.32769405309099203
970,0.4312702234757759,0.2495958373053522,0.3429543095529024,0.2890328842132468
971,0.42646599632721555,0.3005631509814513,0.3340489834982462,0.283273230506545
972,0.4706489881134602,0.29274922573115597,,0.3106239603989868
973,0.35866650639639885,0.2766626881212641,0.36381320443799436,0.3066518992092374
974,0.3740572860585978,0.27431627997743313,0.32154928359777274,0.2833274561481235
975,0.40479692965006053,0.2809316674521643,0.28671969326421265,0.29008313958747345
976,0.48338954171354676,0.30406171385682207,0.34594531228671216,0.2577034019686679
977,0.346807577685325,0.3013315141942908,0.30859725590058307,0.2875409922200794
978,0.5022083297664579,0.23474089361770795,0.2520053373261664,0.2661810163063951
979,0.35899671335824984,0.22517316833534715,0.3497678915487103,0.23617570446818661
980,0.4646175489911203,0.2729196127469277,,0.27187400016485624
981,0.46059440100627436,0.2786695527676055,0.25496417046643066,0.278113003226437
982,0.4737258497868388,0.25434913279097227,0.3515385987053318,0.27249391756670804
983,0.3956150837100737,0.29127776291381335,0.2689116308015683,0.21875625994605663
984,0.4030787229746905,0.3218032240490613,0.280213482598954,0.3111826635098929
985,0.3151839184288251,0.2884560922695538,0.30165322104282283,0.28936832701097487
986,0.38769410424197076,0.26189441512123784,0.30613749297991333,0.28545596702703513
987,0.5104954101791427,0.2983848373991772,0.3435818176913391,0.2799446726811895
988,0.4054537573599115,0.2551676908638731,0.24257318050486745,0.2733302237058126
989,0.43499947366995934,0.2542310173921842,0.29107922929499164,0.30173484549646273
990,0.5114696543441853,0.34888991059070873,0.33522864449910955,0.3087346681119169
991,0.43011809460344164,0.2987550588416231,,0.25857154255614423
992,0.46341687062395975,0.21779749597038045,0.3237651011748662,0.28571721286662966
993,0.38118872129446374,0.2627374689274477,0.24835926341974482,0.2949200964525112
994,0.47400015582169674,0.25729233481852837,0.35616972796493174,0.2591262955907315
995,0.3729867534039878,0.2615891861146931,,0.28421287844384674
996,0.46627574888161755,0.2597712716017463,0.3162591394264859,0.31396334649543955
997,0.48700693746343526,0.30827213777830803,0.29473569337224315,0.31344103093710335
998,0.4767590709283581,0.292611352679417,0.24873049635994363,0.24757227089684958
999,0.4494087798785785,0.25568554140322985,0.23310496733085947,0.30160487326430746
